tx_hash,status,recipient,amount,timestamp
0xabc123def456789abcdef0123456789abcdef0123456789abcdef0123456789,1,0x1234567890123456789012345678901234567890,520000000000000000,2025-03-01 14:23:45
0xdef456789abcdef0123456789abcdef0123456789abcdef0123456789abc123,1,0x2345678901234567890123456789012345678901,610000000000000000,2025-03-01 14:23:47
0x789abcdef0123456789abcdef0123456789abcdef0123456789abc123def456,1,0x3456789012345678901234567890123456789012,430000000000000000,2025-03-01 14:23:49
0x0123456789abcdef0123456789abcdef0123456789abcdef0123456789abcde,1,0x4567890123456789012345678901234567890123,490000000000000000,2025-03-01 14:23:51
0x56789abcdef0123456789abcdef0123456789abcdef0123456789abcdef012,1,0x5678901234567890123456789012345678901234,550000000000000000,2025-03-01 14:23:53
0xf0123456789abcdef0123456789abcdef0123456789abcdef0123456789abc,1,0x6789012345678901234567890123456789012345,450000000000000000,2025-03-01 14:23:55
0x9abcdef0123456789abcdef0123456789abcdef0123456789abcdef0123456,1,0x7890123456789012345678901234567890123456,400000000000000000,2025-03-01 14:23:57
0x3456789abcdef0123456789abcdef0123456789abcdef0123456789abcdef0,1,0x8901234567890123456789012345678901234567,420000000000000000,2025-03-01 14:23:59
0x789abcdef0123456789abcdef0123456789abcdef0123456789abcdef01234,1,0x9012345678901234567890123456789012345678,470000000000000000,2025-03-01 14:24:01
0xcdef0123456789abcdef0123456789abcdef0123456789abcdef0123456789,1,0x0123456789012345678901234567890123456789,390000000000000000,2025-03-01 14:24:03
0xef0123456789abcdef0123456789abcdef0123456789abcdef0123456789ab,1,0x1234567890123456789012345678901234567890,520000000000000000,2025-03-08 15:12:34
0x23456789abcdef0123456789abcdef0123456789abcdef0123456789abcdef,1,0x2345678901234567890123456789012345678901,610000000000000000,2025-03-08 15:12:36de625e9cac9bf5e93f1a05a2321d4b61b0e0c93f60de2b2e4d9f87af9cfabde3,1,0xF947782C0CB4d3afa57912DA235894563950E2F4,500000000000000000,2025-03-10 10:35:48
42df548fd6aeefa75b7f5b69b48ee83ba191e890164bd452cd1ee4985368feac,1,0xe2e1862B5cA1743DF3F616DB927070AEC4c5B4fC,700000000000000000,2025-03-10 10:35:52
db032ed9be800dba328c5be977b7963ca92fceb8fef1ebcde2093f8274fb9826,1,0xF947782C0CB4d3afa57912DA235894563950E2F4,500000000000000000,2025-03-10 10:37:06
b1758de352f0e53972f05d9120327a324848da74f604f0ab2469f3840507bca1,1,0xe2e1862B5cA1743DF3F616DB927070AEC4c5B4fC,700000000000000000,2025-03-10 10:37:08
52ca6256b118cf9907d7216a8c3dbca3c8e11c4ebb1d13d01cf6e86ec06ea121,1,0xF947782C0CB4d3afa57912DA235894563950E2F4,500000000000000000,2025-03-10 10:38:19
2a18beba2a892591c14486d3df3899241c4db4a04816252149e8795ee8a1fc2f,1,0xe2e1862B5cA1743DF3F616DB927070AEC4c5B4fC,700000000000000000,2025-03-10 10:38:21
b74c80e421a98a03ff8f2e89f61903a24d58ec883ab1de199bf64defb32fd3e8,1,0xF947782C0CB4d3afa57912DA235894563950E2F4,500000000000000000,2025-03-10 10:42:54
60f4715c2ec592834de49614f9a335d67ede36517edb1b0bb77e538c3a480ac5,1,0xe2e1862B5cA1743DF3F616DB927070AEC4c5B4fC,700000000000000000,2025-03-10 10:42:57
09f18e035bcdecc0749ecc80fbc57e4087503e11f5c45d45f7357dfa15980b9a,1,0xF947782C0CB4d3afa57912DA235894563950E2F4,500000000000000000,2025-03-10 10:44:06
0506200a3b8a3eb4ed205cc42be1a437db78627f3b3efeee949cb94ccc594b09,1,0xe2e1862B5cA1743DF3F616DB927070AEC4c5B4fC,700000000000000000,2025-03-10 10:44:08
aa1b9255670f732887f71535376e784709b983912e5e8b5a9cb2000ebe08d608,1,0xF947782C0CB4d3afa57912DA235894563950E2F4,200000000000000000,2025-03-10 10:45:56
3c89f104403c03110c2c5e11762349b1dbf1832636b9275ea1aa22bc32d38bb8,1,0xe2e1862B5cA1743DF3F616DB927070AEC4c5B4fC,200000000000000000,2025-03-10 10:45:58
55e89bb093076bb9cab7e0e615ff40464cc98535e2f5d89a958202a5d4e85ffd,1,0xF947782C0CB4d3afa57912DA235894563950E2F4,200000000000000000,2025-03-10 10:52:44
6126b1be468b82ce69977a85d22f6bfbaf0589a9fdcf86bc464872dd126d2cb4,1,0xe2e1862B5cA1743DF3F616DB927070AEC4c5B4fC,200000000000000000,2025-03-10 10:52:46
86b8bafbed951223a19afe8e7e8a6eaeafa2f4c75641cb3b8a0cf45d9d3a3720,1,0xF947782C0CB4d3afa57912DA235894563950E2F4,200000000000000000,2025-03-10 10:53:35
49a6f82fe5e3c5b51723b15fbc07e8e0b274c268f216d7f4f61e2cd3233d9a3c,1,0xe2e1862B5cA1743DF3F616DB927070AEC4c5B4fC,200000000000000000,2025-03-10 10:53:37
b82d9c31c5284269940de4ef45e196d01e3af1478b274876722a2e6f4651236e,1,0xF947782C0CB4d3afa57912DA235894563950E2F4,200000000000000000,2025-03-10 10:56:31
ae9befc1ec001f48f0b67b44e0c3bffb81c68577291a6f82ba24927d3b918ffa,1,0xe2e1862B5cA1743DF3F616DB927070AEC4c5B4fC,200000000000000000,2025-03-10 10:56:33
31d9bcf9d6c297b9a3dff749a2fdf60cf2dd902a8acee597af4d70906bfe6feb,1,0xF947782C0CB4d3afa57912DA235894563950E2F4,200000000000000000,2025-03-10 10:57:45
bf84e578dcb65b65301c3c58931922fe00d7059a2ea7342a6a10d7a81148b59b,1,0xe2e1862B5cA1743DF3F616DB927070AEC4c5B4fC,200000000000000000,2025-03-10 10:57:48
c0fa19999063346b44039223a7a2bdab630e2dfe745f8afd25c24fbc29da9f0a,1,0xF947782C0CB4d3afa57912DA235894563950E2F4,200000000000000000,2025-03-10 11:01:45
519f33a63c46e857311c1c1b47f7231294b1ae61f903c4a019483821e9d19251,1,0xe2e1862B5cA1743DF3F616DB927070AEC4c5B4fC,200000000000000000,2025-03-10 11:01:46
0409aedfbed9e50cd06fe04fc51cad110b0c8edcf273f189a43230e7dd90f4de,1,0xF947782C0CB4d3afa57912DA235894563950E2F4,200000000000000000,2025-03-10 11:09:29
620107a0a04a2918981988107300032d70da5893121f0825ad4a023c5b0db9e0,1,0xe2e1862B5cA1743DF3F616DB927070AEC4c5B4fC,200000000000000000,2025-03-10 11:09:31
5b5fca7a1bbff1b7a8755e7a02e216db892fd9fd635f3bb60009b430fa812847,1,0xF947782C0CB4d3afa57912DA235894563950E2F4,200000000000000000,2025-03-10 11:11:17
73b3eae82a8ab442f7706580ac9837497bc94ec37f137a54a44cd760fb9a87b8,1,0xe2e1862B5cA1743DF3F616DB927070AEC4c5B4fC,200000000000000000,2025-03-10 11:11:19
3bc39638040815048fe3c01eb3d332f5b8f601bcca65ac222ee52701f3f1a763,1,0xF947782C0CB4d3afa57912DA235894563950E2F4,200000000000000000,2025-03-10 11:17:38
6eacaee81cabc46412527132b7f061f6b74e102e86bd1e58220fab6eaabea4d9,1,0xe2e1862B5cA1743DF3F616DB927070AEC4c5B4fC,200000000000000000,2025-03-10 11:17:40
62c4520f9cd38c95cfdecfdc88636d49085be03580ea52afbbeb7d6db6f1b8ff,1,0xF947782C0CB4d3afa57912DA235894563950E2F4,200000000000000000,2025-03-10 11:18:33
d63ed8fdfef63c662fd067005e34841c6dd16c2e9ec5672b6a9a6c48028e287e,1,0xe2e1862B5cA1743DF3F616DB927070AEC4c5B4fC,200000000000000000,2025-03-10 11:18:35
c3ad1aaa4c628588be6272737dc8c044d5326478f748bd87a0416a3aa988e937,1,0xF947782C0CB4d3afa57912DA235894563950E2F4,200000000000000000,2025-03-10 11:18:56
88f0821dd9e0df6965e19898b003f50fe525f57b79807bcdb87c3d3361fa5799,1,0xe2e1862B5cA1743DF3F616DB927070AEC4c5B4fC,200000000000000000,2025-03-10 11:18:58
a014c11fcbff4a0210446a14b81fcacad84039351ea0a7c8a71fae56bea3cb58,1,0xF947782C0CB4d3afa57912DA235894563950E2F4,200000000000000000,2025-03-10 11:21:43
5332599841cdc27919185b79fe981870639a48a8024d56d28cbc31bff73522a8,1,0xF947782C0CB4d3afa57912DA235894563950E2F4,200000000000000000,2025-03-10 11:22:25
1cea4eec2a798386312929fa2ff8d25c824cccce7937e746ed3fa5d342d238c2,1,0xF947782C0CB4d3afa57912DA235894563950E2F4,200000000000000000,2025-03-10 11:26:53
e5211eca72d3aa85768ed7b7cd6c4e67f959d9a85cb5944e07dff71ac91e8331,1,0xF947782C0CB4d3afa57912DA235894563950E2F4,200000000000000000,2025-03-10 11:36:25
2e18fbeac88ad764a4884fa99b194226c56c06ccbe39bd90bee304792ea98685,1,0xF947782C0CB4d3afa57912DA235894563950E2F4,200000000000000000,2025-03-10 11:42:13
d321380e391d66e3e4cf8e70a0e31b6fbdcc3c0e905172e2d7afdcefeec022ac,1,0xF947782C0CB4d3afa57912DA235894563950E2F4,200000000000000000,2025-03-10 12:29:46
048f268828e8241fe89049b6a17e5a1813a08f271cff4879fb39cf37b3c74427,1,0xF947782C0CB4d3afa57912DA235894563950E2F4,200000000000000000,2025-03-10 13:07:32
1638a4f702bec4dd3dd5ae6f867a19a91f8e3d28aa9bfb5cfe00cbbe9a5d8b33,1,0x8AA334072b03AB3F4cE4035A16a1Ee5Bde2521f1,300000000000000000,2025-03-10 16:53:44
60bd5a6464ba265ee073b212d8c8eca6fb5fd679b848ee54a15cec41815ff5bd,1,0xe2e1862B5cA1743DF3F616DB927070AEC4c5B4fC,950000000000000000,2025-03-10 16:53:46
251889391f0b9abb7c24613df0eb79f9adcb97e86dcf46da8e1ca03d7255f20b,1,0x8AA334072b03AB3F4cE4035A16a1Ee5Bde2521f1,300000000000000000,2025-03-10 16:55:28
e84a9dd78536066765acd599d15898bffe5cfb5927e1a19fbd16aa5c4597b332,1,0xe2e1862B5cA1743DF3F616DB927070AEC4c5B4fC,950000000000000000,2025-03-10 16:55:30
a404cc9b41f0004d021a4d45b2c2a1b6d226695bd62cb73d44a4e4c282453181,1,0xF947782C0CB4d3afa57912DA235894563950E2F4,200000000000000000,2025-03-10 20:17:34
9e4c6afbc2c7e1c47229d507b0ad0a03e799c9e88198bde52bf696878acc54d0,1,0x8AA334072b03AB3F4cE4035A16a1Ee5Bde2521f1,200000000000000000,2025-03-10 20:17:36
3f463e80f2b00c15cdcc666d74734d0cadaa41ed16a0eed6a9fa65b551332f15,1,0xe2e1862B5cA1743DF3F616DB927070AEC4c5B4fC,200000000000000000,2025-03-10 20:17:38
